品種名,母,父,不明親,登録年,登録者,メモ,出典
(14×5_2)×8_2,14×5_2,とよのか,,,,,
(リンダモール×Cruz)×女峰,リンダモール×Cruz,女峰,,,,,
(久留米促成3号×宝交早生)×(Donner×宝交早生),久留米促成3号×宝交早生,Donner×宝交早生,,,,,
00_23001,99_02505,98_17123,,,,,
00_24_1,98_28_2,とねほっぺ,,,,,
00_28401,99_03952,98_15504,,,,,
00_4_2,98_4_2,97_4_5,,,,,
01_116,96_15,栃の峰,,,,,
01_1_5,99_8,芳玉,,,,,
01_23_4,アスカルビー,久留米54号,,,,,
02_19,01_116,01_116,,,,,
02_3_4,99_5_2,00_4_2,,,,,
03042_08,不明,不明,,,,"久留米48号，さつまおとめ, さがほのかの多元交配による",
03_1_6,熊研い548(ひのしずく),さがほのか,,,,,
03_61_1,さつまおとめ,sunangel,,,,,
04_5_1,01_23_4,とちおとめ,,,,,
05_2_5,02_3_4,00_4_2,,,,,
05_51_1,03_61_1,とちおとめ,,,,,
06sAB_4e,なつあかり,盛岡30号,,,,,
07_13_1,熊研い548(ひのしずく),03_1_6,,,,,
07_26_3,05_51_1,04_5_1,,,,,
09_48_5,栃木26号,栃木素材2号,,,,,
09_52_1,栃木26号,98_7_3,,,,,
10133_03,かおり野,章姫,,,,,
103Hk_11,久留米103号,宝交早生,,,,,
14×5_16,アイベリー,宝交早生,,,,,
14×5_2,アイベリー,宝交早生,,,,,
15,X_2,アイベリー,,,,,
1_7_9,アスカウェイブ,女峰,,,,,
22_19_1,さちのか,とちおとめ,,,,,
23_1_33,古都華,とちおとめ,,,,,
24_5_C,古都華,かおり野,,,,,
2_8,Fairfax,Ettersburg実生系統,,,,,
2rd generation from Sharpless×Parry,Sharpless×Parry,不明,,,,,
3_31_3,とよのか,濃姫,,,,,
3rd generation from Sharpless×Parry,2rd generation from Sharpless×Parry,不明,,,,,
44_3_5,Donner(ダナー),K_34,,,,,
47_1_12,促成_50号,D_40,,,,,
50_2_2,促成_50号,44_3_5,,,,,
52_1_32,うずしお,47_1_12,,,,,
55/6_996,ベルルージュ,女峰,,,,,
59交13_37,Aiko,盛岡19号,,,,,
5_2,X_1,とよのか,,,,,
63_2_3,女峰,宝交早生,,,,,
69_1320,florida 90,Tioga,,,,,
71_189,69_1320,Tioga,,,,,
77_36,huxley,Albriton,,,,,
7_3_1,さちのか,1_7_9,,,,,
8267_01,宝交早生,明宝,,,,,
83118_41,florida693,ひのみね,,,,,
8821_11,不明,不明,,,,情報を募集しています。野菜・茶業試験場久留米支場から導入されたとのこと,
8905_28,大鈴,アイベリー,,,,,
89_81_69,Albriton,Donner(ダナー),,,,,
89_96_61,はるよい,盛岡20号,,,,,
90_001,とよのか,アイベリー,,,,,
90_003,とよのか,宝交早生,,,,,
90_007,女峰,宝交早生,,,,,
90_008,女峰,宝交早生,,,,,
90_013,アイベリー,とよのか,,,,,
90_014,アイベリー,宝交早生,,,,,
90_017,宝交早生,とよのか,,,,,
90_021,宝交早生,女峰,,,,,
90_032,女峰,女峰,,,,,
90_051,とよのか,とよのか,,,,,
90_3_11,不明,不明,,,,,
91_003,90_003,90_003,,,,,
91_005,90_008,90_008,,,,,
91_006,90_013,90_013,,,,,
91_007,90_014,90_014,,,,,
91_008,90_017,90_017,,,,,
91_009,90_021,90_021,,,,,
92_0122,女峰,90_001,,,,,
92_3320,90_008,90_001,,,,,
92_46,久留米49号,さちのか,,,,,https://www.hinshu2.maff.go.jp/vips/cmm/apCMM112.aspx?TOUROKU_NO=12573&LANGUAGE=Japanese
92_5106,90_032,90_007,,,,,
92_7802,91_005,91_003,,,,,
92_8416,91_006,91_009,,,,,
92_9220,91_008,91_009,,,,,
92_9513,91_009,91_005,,,,,
93_10710,92_0122,91_007,,,,,
93_12306,92_3320,91_007,,,,,
93_12702,92_5106,91_007,,,,,
93_15615,92_7802,91_007,,,,,
93_16901,92_8416,91_007,,,,,
93_19101,92_9220,91_007,,,,,
93_20307,92_9513,91_007,,,,,
93_23_7,不明,不明,,,,,
94_2_15,90_3_11,章姫,,,,,
94_2_8,不明,不明,,,,"栃の峰、さちのかを素材しているとのこと(重野ら, 2015)",
9505_05,D8_04,8267_01,,,,,
95_08804,93_16901,93_15615,,,,,
95_10005,93_19101,93_12702,,,,,
95_12702,93_20307,93_123_06,,,,,
95_6_14,15,さがほのか,,,,,
96_00550,93_10710,93_19101,,,,,
96_01_001,とねほっぺ,とちおとめ,,,,,
96_02153,93_19101,93_10710,,,,,
96_15,みつる,章姫,,,,,
96_17_1,紅ほっぺ,炭強20,,,,,
96_4_1,紅ほっぺ,93_23_7,,,,,
9702_375,とねほっぺ,とちおとめ,,,,,
97_05606,95_10005,サンチーゴ,,,,,
97_12601,96_02153,サンチーゴ,,,,,
97_17901,96_02153,あかしゃのみつこ,,,,,
97_20402,95_08804,章姫,,,,,
97_21701,95_12702,章姫,,,,,
97_4_5,紅ほっぺ,94_2_15,,,,,
97_5_8,95_6_14,さがほのか,,,,,
97_9_1,95_6_14,佐系8号,,,,,
98_15504,97_17901,97_21701,,,,,
98_17123,97_20402,96_00550,,,,,
98_20_3,久留米54号,栃の峰,,,,,
98_28_2,不明,不明,,,,"とよのか、栃の峰、さちのかを素材しているとのこと(重野ら, 2015)。いちご中間母本農 1号、女
峰、 No.221を素材にしている(重野ら, 2015)との記述もあり、一貫しないため、不明とした。",
98_30,さちのか,栃の峰,,,,,
98_4_2,96_17_1,96_4_1,,,,,
98_7_3,不明,不明,,,,"情報を募集しています。栃の峰, とよのか, さちのか, とちおとめを素材に育成されたとのこと(鶴見ら, 2020; https://agriknowledge.affrc.go.jp/RN/2010935163)。",
99_02505,97_20402,97_12601,,,,,
99_03952,とちおとめ,97_05606,,,,,
99_26_7,さがほのか,KA16,,,,,
99_5_2,97_4_5,けいきわせ,,,,,
99_5_3,97_9_1,97_5_8,,,,,
99_8,女峰,宝交早生,,,,,
9_2_3,不明,不明,,,,,
A65,さちのか,D8_5,,,,,
A8,不明,さちのか×とちおとめ,,,,,
A8S4_147,A8,A8,,2017,香川県,A8の4回自殖系統,https://www.hinshu2.maff.go.jp/vips/cmm/apCMM112.aspx?TOUROKU_NO=25607&LANGUAGE=Japanese
Aberdeen×Redheart,aberdeen,Redheart,,,,,
Aiko,Cal 46.5_1,Cal 59.51_11,,,,,
Aiko実生系統,Aiko,Aiko,,,,,
Albion(UC Albion),Diamante,Cal 94.16_1,,2006,"University of California, University of California San Diego UCSD",,https://patents.google.com/patent/USPP16228P3/en
Albriton,US_NC_1065,US_NC_1053,,,,,
Armore,Blakemore,Aroma,,,,,
Aroma,Cumberland Triumph,不明,,,,,
Avant tout,不明,不明,,,,,
Banner,不明,不明,,,,1899年に生じた偶発実生。,
Belmont,不明,不明,,,,1880年に育成。,
Blakemore,Missionary,Howard 17(Premier),,,,,
Brightmore,Blakemore,US_Oreg. 154,,,,,
Brighton,Tufts,Cal 65.65_601,,,,,
British Queen,不明,不明,,,,1841年登録か。親系統に関する記述が見つからない。,
Bubach,不明,不明,,,,詳細不明,
Cal 103.22,Cal AO8,Nich Ohmer,,,,,
Cal 143.32,Narcissa,Cal BH 14(mixed crosses),,,,,
Cal 144.2,Narcissa,Nich Ohmer,,,,,
Cal 144.21,Narcissa,Nich Ohmer,,,,,
Cal 145.52,Cal BH 14(mixed crosses),Redheart,,,,,
Cal 161.1,Nich Ohmer,Cal 86.6,,,,,
Cal 177.19,U.S.D.A.543,Cal 68.24,,,,,
Cal 177.21,U.S.D.A.543,Cal 68.24,,,,,
Cal 21.9,Blakemore,Cal Z9,,,,,
Cal 222,Cal 66.2,Cal 7.20,,,,,
Cal 222.4,Cal 66.2,Cal 7.20,,,,,
Cal 249.5,Cal 68.24,Cal 32.50,,,,,
Cal 32.50,Nich Ohmer,U.S.D.A.253,,,,,
Cal 337.2,Nich Ohmer,Cal 68.25,,,,,
Cal 35.107_2,不明,不明,,,,"Blakemore, Nich Ohmer, Redheart, Ruby, B.H. 14, N.Y. 4626, U.S.D.A. 543, U.S.D.A. 634を祖先に含む。",
Cal 36.48_1,不明,不明,,,,"Blakemore, Nich Ohmer, Redheart, Ruby, B.H. 14, N.Y. 4626, U.S.D.A. 543, U.S.D.A. 634を祖先に含む。",
Cal 37.20_45,不明,不明,,,,親にDriscoll J-6があることは分かっているが、詳細が不明。,
Cal 370.14,Cal 720,Cal 177.21,,,,,
Cal 39.117_4,不明,不明,,,,cupertinoの姉妹であるらしい。,
Cal 39.82_19,不明,不明,,,,"祖先には次の系統が含まれているという: US 543, US 634, NY 634 Banner, Blakemore, Narcissa, Nich Ohmer",
Cal 39.96_18,Cal 35.107_2,Cal 36.48_1,,,,,
Cal 42.8_16,Sierra,Cal 752.23,,,,,
Cal 46.5_1,不明,不明,,,,情報を募集しています。,
Cal 469.5,Cal 177.21,Cal 222.4,,,,,
Cal 51s1_1,Lassen,Lassen,,,,,
Cal 52.16_15,Cal 39.117_4,Cal 39.96_18,,,,,
Cal 53.32.1,Shasta,"F. virginiana glauca (wild, Utah)",,,,,
Cal 54.124.2,Solana,Lassen実生系統,,,,,
Cal 564.7,Cal 144.2,Cal 68.25,,,,,
Cal 58.45_11,Cal 39.117_4,Cal 53.32.1,,,,,
Cal 59.41_14,Cal 53.10_2(complex hybrid),Cal 54.124.2,,,,,
Cal 63.7_101,Cal 39.82_19,Cal 46.5_1,,,,,
Cal 638.45,Cal 337.2,Cal 249.5,,,,,
Cal 64.57_108,Sequoia,Tioga,,,,,
Cal 65.65_601,Cal 58.45_11,Cal 59.41_14,,,,,
Cal 66.2,U.S.D.A.634,banner,,,,,
Cal 67.5,Nich Ohmer,U.S.D.A.634,,,,,
Cal 68.24,U.S.D.A.634,N.Y. 4626,,,,,
Cal 68.25,N.Y. 4626,U.S.D.A.634,,,,,
Cal 7.20,Blakemore,Nich Ohmer,,,,,
Cal 70.3_117,Tufts,Cal 65.65_601,,,,Brightonの姉妹であるとの情報を根拠とする。,
Cal 71.98_605,Tufts,Cal 63.7_101,,,,,
Cal 720,Blakemore,Nich Ohmer,,,,,
Cal 752.23,Cal 370.14,Cal 564.7,,,,,
Cal 86.6,U.S.D.A.634,Cal Z11,,,,,
Cal AO8,U.S.D.A.253,F2 of U.S.D.A.253,,,,,
Cal Z11,banner,Fendalcino,,,,,
Cal Z9,banner,Fendalcino,,,,,
Cambridge Favourite,Etter seedling×Avant tout,Blakemore,,,,,
Capt. Jack,不明,不明,,,,Wilson seedlingの提案有。,
Catskill,Marshall,Howard 17(Premier),,,,,
Chandler,Douglas,Cal 72.361_105,,1984,,,https://patents.google.com/patent/USPP5262P/en
Chesapeake,不明,不明,,,,1904年頃に育成,
Clark,不明,不明,,,,Wilson seedlingの提案有。,
Clyde,Cyclone,不明,,,,,
Comte de Paris,Keens Seedling,不明,,,,1846年育成。フランス。Keens Seedlingから選抜。,
Corvallis,E_121,Marshall,,,,,
Crescent,Hovey,New Jersey Scarlet,,,,,
Crimson Monarch,不明,不明,,,,,
Cruz,Cal 37.20_45,Sequoia,,,,,
Cumberland Triumph,Green Prolific,不明,,,,,
Cyclone,Crescent,Cumberland Triumph,,,,,
D8_04,Dover,83118_41,,,,,
D8_5,不明,不明,,,,,
D_40,Donner(ダナー),宝交早生,,,,,
Dabreak,Headliner,L_3_1169,,,,,
Diamante,Cal 87.112-6,Cal 88.270-1,,1998,"University of California, University of California San Diego UCSD",,https://patents.google.com/patent/USPP10435P/en
Dixieland,Tennessee Shipper,Midland,,,,,
Docteur Morere,palmyre,Duc de Malakoff,,,,1867年育成。フランス。,
Donner(ダナー),Cal 145.52,Cal 222,,,,UC Davis(アメリカ）育成。,
Donner×宝交早生,Donner(ダナー),宝交早生,,,,,
Douglas,Tufts,Cal 64.57_108,,,,,
Dover,florida belle,71_189,,,,,
Duc de Malakoff,chilean,British Queen,,,,1854年育成。フランス。母本のchileanは系統群の名称で、品種名ではないと思われる。,
Dunlap,Crescent,Cumberland Triumph,,,,,
E0836_12,章姫,B0205_1,,,,,
EB 18,MDUS 3082,Cal 65.65_601,,,,,
Earlidawn,Midland,Tennessee Shipper,,,,,
Etter seedling,不明,不明,,,,,
Etter seedling×Avant tout,Etter seedling,Avant tout,,,,,
Ettersburg 121,wild Alpine,Cape Mendocino beach strawberry,,,,"1905年に育成, 1913年に発表。",
Ettersburg 20,Rose Etterburg,Fragaria chiloensis,,,,,
Ettersburg 80,Seedling of Rose Etterburg×unknown,Ettersburg 20,,,,,
Ettersburg実生系統,ettersburg,ettersburg,,,,Ettersburgは系統群の名称で、具体的な系統名は分かりませんでした。情報を募集しています。,
Euresko,不明,Ettersburg 20,,,,"母本はCheasapeakeかRose Ettersburg, 父本はEttersburg 20ではないかという意見がある。",
Excelsior,Hoffman,Wilson,,,,"1890年に育成, 1892年に発表。",
F0851_24,章姫,C0915_18,,,,,
FL 74_6,FL 72_1198,FL 69_736,,,,,
FL 77_163,FL 73_1889,FL 73_2006,,,,,
FL 80_1425,FL 74_6,Aiko,,,,,
FL 80_456,FL 77_163,US 78_1832,,,,,
FL 81_149,FL 77_163,Aiko,,,,,
FL 81_2465,FL 70_30,FL 77_163,,,,,
FL 83_1452,FL 80_1425,不明,,,,Open Pollinated,
FL 83_418,FL 80_456,toro,,,,,
FL 84_1389,FL 81_2465,parker,,,,,
FL 84_3163,FL 81_149,不明,,,,Open Pollinated,
FL 87_200,FL 84_3163,FL 83_1452,,,,,
FL 87_418,FL 83_418,FL 84_1389,,,,,
FS_3,福羽,福羽,,,,自殖系統,
Fairfax,不明,不明,,,,"Darrowによって交配された品種。FairfaxはRoyal sovereigh×Howard 17の子という説があったものの，Darrowはこれを否定している（https://journal.americanpomological.org/index.php/jofaps/article/view/486/490）。彼は，Royal sovereighではなく, Etters Burg 450ではないかと推測している。Darrow(1966; https://archive.org/details/strawberryhistor00darr/page/n525/mode/1up, IV)",
Fairland,aberdeen,Fairfax,,,,,
Fairmore,Blakemore,Fairfax,,,,,
Fairpeake,Chesapeake,Fairfax,,,,,
Fendalcino,Fendall,Ettersburg 121,,,,,
Fendall,william belt,不明,,,,,
Florida 69_266,不明,不明,,,,情報を募集しています。,
Florida Ninety,Missionary,不明,,,,,
Fragaria chiloensis,不明,不明,,,,,
Fragaria chiloensis,不明,不明,,,,エクアドルのambato産とのこと,
Fragaria chiloensis,不明,不明,,,,,
Fragaria ovalis,不明,不明,,,,,
Fresno,Lassen,Cal 42.8_16,,,,,
General Chanzy,Joseph Riffaud,Madame Lebreton(Marguerite Lebreton),,,,"1889年にフランスから日本に導入された4つの品種のうちの1つ。もう一つはDocteur Morereであることがわかっている。(Darrow, 1966; https://archive.org/details/strawberryhistor00darr/page/n525/mode/1up; 6章, 18章）父本と母本を逆に記載している例もある。",
Goldsmith,Cal 638.45,Cal 469.5,,,,,
Goliath,British Queen,不明,,,,,
Green Prolific,Hovey,Goliath,,,,,
HKW_02,不明,不明,,,,,
HST,サマーベリー,とよのか,,,,,https://www.hinshu2.maff.go.jp/vips/cmm/apCMM112.aspx?TOUROKU_NO=15259&LANGUAGE=Japanese
HST,サマーベリー,とよのか,,,,,
HS_1,はるのか,はるのか,,,,自殖系統,
HS_42号,Tribute,エバーベリー,,,,,
Haverland,Crescent,Sharpless,,,,,
Headliner,L_7_27,L_7_42,,,,,
Hoffman,Neunan,不明,,,,1877年育成。Neunanの実生で、父本は不明。,
Hovey,Methven Scarlet,Keens Seedling,,,,,
Howard 1,Howard 4,Clyde,,,,,
Howard 103,Crescent,Marshall,,,,,
Howard 17(Premier),Crescent,Howard 1,,,,,
Howard 4,Haverland,Belmont,,,,,
Howard Supereme,Howard 103,Howard 17(Premier),,,,,
Hudson Bay,不明,不明,,,,1828年以前。,
Jerseybelle,N.J. 953,N.J. 925,,,,,
Joseph Riffaud,不明,不明,,,,1862年に紹介された。来歴に関する情報は不明。,
KA16,さちのか,A65,,,,,
KD-S1,あまえくぼ,かおり野,,,,,
K_34,神戸1号,宝交早生,,,,,
Keens Imperial,white carolina,不明,,,,,
Keens Seedling,Keens Imperial,不明,,,,,
King of the Earlies,Vicomtesse Hericart de Thury,black prince,,,,1888年育成。英国。,
Klondike,Pickerproof,Hoffman,,,,,
Klonmore,Blakemore,Klondike,,,,,
Konvoy,Fairmore,Klondike,,,,,
L_0_242,L_7_42,L_117_1_45_3,,,,,
L_117_1_45_3,Marion Bell,Marion Bell,,,,,
L_3_1169,Klonmore,L_0_242,,,,,
L_6_30_45_7,Klonmore,Klonmore,,,,,
L_7_27,Suwannee,L_6_30_45_7,,,,,
L_7_42,Suwannee,Konvoy,,,,,
Lassen,Cal 21.9,Cal 161.1,,,,,
Lassen実生系統,Lassen,Lassen,,,,,
Lulu,Crescent,Hoffman,,,,,
Lupton,joe,gandy,,,,1905年に育成。,
MDUS 2713,redglow,Surecrop,,,,,
MDUS 3082,NCUS 1768,Surecrop,,,,,
MDUS 3364,Midland,sunrise,,,,,
MDUS 4258,MDUS 2713,MDUS 3364,,,,,
MN3,女峰×しずたから,女峰,,,,,
MS_1,サマーベリー,みよし,,,,,
Madame Lebreton(Marguerite Lebreton),Sir Harry,不明,,,,1895年に育成。父本は品種不明とのこと。フランスの品種。,
Madame Moutot,Docteur Morere,Royal Sovereign,,,,1906年育成。フランス,
Marguerite(America),jewell,jessie,,,,1893年育成。偶発実生とされる。Madame Lebreton(Marguerite Lebreton)とは別物。,
Marion Bell,Fairmore,Fairmore,,,,,
Marshall,不明,不明,,,,"片親はBubachまたはPresident Wilderではないかという意見がある。偶発実生との意見もある。1890年に生じ, 1893年に発表。",
Massey,U.S.D.A.634,Blakemore,,,,,
Md_US_1972,Blakemore,Md_US_683,,,,,
Md_US_683,scotland BK_46,Fairfax,,,,,
Merton Dawn,Cambridge Favourite,Merton Princess,,,,,
Merton Princess,Royal Sovereign,不明,,,,"seedling of Royal Sovereign (Darrow, 1966)とのことなので、父本ははっきりしない（自家受粉か他の花粉か）",
Methven Scarlet,Hudson Bay,不明,,,,,
Middlefield,不明,不明,,,,1890年に発表。,
Midland,Howard 17(Premier),Redheart,,,,,
Missionary,不明,不明,,,,1900年ごろに生じた偶発実生. 1906年に発表,
N.J. 72,Lupton,aberdeen,,,,,
N.J. 925,Pathfinder,Fairfax,,,,,
N.J. 953,N.J. 72,Fairfax,,,,,
N.Y. 4626,Marshall,Howard 17(Premier),,,,,
NCUS 1768,US 4127,Tennessee Beauty,,,,,
NS_4,サマーベリー,女峰,,,,,
Narcissa,Royal Sovereign,Howard 17(Premier),,,,,
Neunan,Wilson,不明,,,,1868年。アメリカ。Wilsonの実生とされる。,
New Jersey Scarlet,不明,不明,,,,1868年発表。アメリカ。Old Scarletと同一視する意見もある。バージニア系,
Nich Ohmer,Middlefield,不明,,,,,
Noble,Excelsior,Sharpless,,,,1884年育成。英国。,
Northwest,Brightmore,US_Oreg. 456,,,,,
Oreg. 46,Ettersburg 121,Marshall,,,,,
Oregon selection,Marshall,Fairfax,,,,,
Pajaro,Cal 63.7_101,Sequoia,,,,カルフォルニア大学育成,
Pajaro実生後代系統,Pajaro,Pajaro,,,,,
Pan American,Bubach,Van Deman,,,,Bismarck の変異とのこと,
Pathfinder,Howard 17(Premier),Fairfax,,,,,
Pickerproof,Lulu,Hoffman,,,,,
Pocahontas,Tennessee Shipper,Midland,,,,,
Portia,william belt,不明,,,,,
Princesse Royale,Keens Seedling,不明,,,,1846年育成。フランス。Keens Seedlingから選抜。,
Progressive,Pan American,Dunlap,,,,,
Redheart,Portia,Euresko,,,,,
Redstar,Chesapeake,Fairfax,,,,,
Robinson,Howard 17(Premier),Washington,,,,,
Rosa Linda,FL 87_418,FL 87_200,,1997,Florida Foundation Seed Producers Inc(United States),,USPP9866P(https://patents.google.com/patent/USPP9866P/en)
Rosalinda実生系統,Rosa Linda,Rosa Linda,,,,,
Rose Etterburg,3rd generation from Sharpless×Parry,不明,,,,,
Royal Sovereign,Noble,King of the Earlies,,,,1892年育成。英国。,
Seedling of Rose Etterburg×unknown,Rose Etterburg,不明,,,,,
Selva,Cal 70.3_117,Cal 71.98_605,,,,別名: CN18,
Selva実生系統,Selva,Selva,,,,,
Sequoia,Cal 52.16_15,Cal 51s1_1,,,,,
Serenata,不明,不明,,,,情報を募集しています。,
Sharpless,不明,不明,,,,"1872年育成, 1877年発表。Jucunda, Charles Downing, Wilson, Col. Cheneyの混合種子から育成され、正確な親は不明。",
Sharpless×Parry,Sharpless,parry,,,,,
Shasta,Cal 67.5,Cal 177.21,,,,,
Sierra,Nich Ohmer,Cal 177.21,,,,,
Siletz,US_Oreg. 2012,US_Oreg. 1816,,,,,
Sir Harry,Keens Seedling,British Queen,,,,1853年育成。イギリスで育成。,
Solana,Cal 177.19,Cal 103.22,,,,,
Southland,Ettersburg 80,Howard 17(Premier),,,,,
Sparkle,Fairfax,aberdeen,,,,,
Surecrop,Fairland,Md_US_1972,,,,,
Suwannee,Howard 17(Premier),Missionary,,,,,
T16,しずたから,麗紅,,,,,
T6,明宝,女峰,,,,,
Tahoe(タホー),Cal 144.21,Cal 143.32,,,,UC Davis(アメリカ）育成。,
Tennessee Beauty,Howard 17(Premier),Missionary,,,,,
Tennessee Shipper,Missionary,Blakemore,,,,,
The sun(ザサン),不明,不明,,,,情報を募集しています。,
Tioga,Cal 42.8_16,Lassen,,,,,
Torrey,Lassen,Cal 42.8_16,,,,,
Tribute,EB 18,MDUS 4258,,,,アメリカ合衆国で育成。,
Tristar,EB 18,MDUS 4258,,,,アメリカ合衆国で育成。,
Tufts,Cal 46.5_1,Tioga,,,,,
U.S.D.A.253,Howard Supereme,Klondike,,,,,
U.S.D.A.543,Royal Sovereign,Howard 17(Premier),,,,,
U.S.D.A.634,Royal Sovereign,Howard 17(Premier),,,,,
U.S.D.A.836,Progressive,Fragaria chiloensis,,,,,
US 4127,Fairpeake,Aberdeen×Redheart,,,,,
US 78_1832,Dover,LA 2556,,,,,
US_NC_1053,Massey,Massey,,,,,
US_NC_1065,Southland,Southland,,,,,
US_Oreg. 1491,US_Oreg. 767,Narcissa,,,,,
US_Oreg. 1509,US_Oreg. 305,US_Oreg. 812,,,,,
US_Oreg. 154,Ettersburg 121,Marshall,,,,,
US_Oreg. 1579,US_Oreg. 834,US_Oreg. 913,,,,,
US_Oreg. 1816,US_Oreg. 1579,US_Oreg. 319,,,,,
US_Oreg. 2012,US_Oreg. 1491,US_Oreg. 1509,,,,,
US_Oreg. 305,Clark,Narcissa,,,,,
US_Oreg. 319,Redheart,Oreg. 46,,,,,
US_Oreg. 456,US_Oreg. 7,Narcissa,,,,,
US_Oreg. 7,Ettersburg 121,Wilson,,,,,
US_Oreg. 767,Corvallis,U.S.D.A.836,,,,,
US_Oreg. 812,Fragaria chiloensis,Oregon selection,,,,,
US_Oreg. 834,Clark,Fragaria ovalis,,,,,
US_Oreg. 913,Blakemore,Marshall,,,,,
Van Deman,Crescent,Capt. Jack,,,,,
Vicomtesse Hericart de Thury,Keens Seedling,不明,,,,1846年育成。フランス。Keens Seedlingから選抜。,
Washington,Marshall,不明,,,,父本はFragaria ovalisとの推測がある。,
Wilson,不明,ross phoenix,,,,"1851年育成, 1854年発表。母本はHoveyかBlack princeとされる。（Darrow, 1966）",
X_1,とよのか,女峰,,,,,
X_2,女峰,久留米47号,,,,,
af01,Se11_11,11268_01,,,,品種登録出願中（2025年12月31日現在）,
あかしゃのみつこ,アイベリー,女峰,,1995,聖和農総研有限会社(福岡県),,https://www.hinshu2.maff.go.jp/vips/cmm/apCMM112.aspx?TOUROKU_NO=4592&LANGUAGE=Japanese
あかしゃのみはる,アイベリー,Pajaro,,1996,"木下清和, 木下美津子(福岡県)",,https://www.hinshu2.maff.go.jp/vips/cmm/apCMM112.aspx?TOUROKU_NO=4891&LANGUAGE=Japanese
あかねっ娘,(14×5_2)×8_2,14×5_16,,1994,愛知県,,https://www.hinshu2.maff.go.jp/vips/cmm/apCMM112.aspx?TOUROKU_NO=4001&LANGUAGE=Japanese
あかねっ娘×アイベリー,あかねっ娘,アイベリー,,,,,
あまえくぼ,濃姫,さがほのか,,2024,国立研究開発法人農業・食品産業技術総合研究機構,,https://www.hinshu2.maff.go.jp/vips/cmm/apCMM112.aspx?TOUROKU_NO=30603&LANGUAGE=Japanese
あまおとめ,とちおとめ,さがほのか,,2009,愛媛県,,https://www.hinshu2.maff.go.jp/vips/cmm/apCMM112.aspx?TOUROKU_NO=17391&LANGUAGE=Japanese
あわいつも,峰クイーン,池光,,2007,有限会社新居バイオ花き研究所(徳島県),,https://www.hinshu2.maff.go.jp/vips/cmm/apCMM112.aspx?TOUROKU_NO=15260&LANGUAGE=Japanese
いちご中間母本農1号,アイベリー実生系統,とよのか実生系統,,2004,国立研究開発法人農業・食品産業技術総合研究機構,別名: 久留米54号,https://www.hinshu2.maff.go.jp/vips/cmm/apCMM112.aspx?TOUROKU_NO=12062&LANGUAGE=Japanese
いちご中間母本農2号,83118_41,Dover,,2006,国立研究開発法人農業・食品産業技術総合研究機構,,https://www.hinshu2.maff.go.jp/vips/cmm/apCMM112.aspx?TOUROKU_NO=13757&LANGUAGE=Japanese
いばらキッス,とちおとめ,ひたち1号,,2012,茨城県,,https://www.hinshu2.maff.go.jp/vips/cmm/apCMM112.aspx?TOUROKU_NO=22111&LANGUAGE=Japanese
うずしお,不明,不明,,,,情報を募集しています,
おいCベリー,9505_05,さちのか,,2012,国立研究開発法人農業・食品産業技術総合研究機構?,,https://www.hinshu2.maff.go.jp/vips/cmm/apCMM112.aspx?TOUROKU_NO=22113&LANGUAGE=Japanese
おおきみ,さつまおとめ,いちご中間母本農1号,,2011,国立研究開発法人農業・食品産業技術総合研究機構,,https://www.hinshu2.maff.go.jp/vips/cmm/apCMM112.aspx?TOUROKU_NO=20810&LANGUAGE=Japanese
おぜあかりん,9702_375,盛岡26号,,2011,群馬県,,https://www.hinshu2.maff.go.jp/vips/cmm/apCMM112.aspx?TOUROKU_NO=20812&LANGUAGE=Japanese
おとめ心,砂丘S2号,北の輝,,2006,山形県,,https://www.hinshu2.maff.go.jp/vips/cmm/apCMM112.aspx?TOUROKU_NO=14187&LANGUAGE=Japanese
かいサマー,章姫,elan,,2009,山梨県,,https://www.hinshu2.maff.go.jp/vips/cmm/apCMM112.aspx?TOUROKU_NO=18012&LANGUAGE=Japanese
かおり野,00_28401,00_23001,,2010,三重県,,
きたえくぼ,59交13_37,麗紅,,1995,地方独立行政法人北海道立総合研究機構(北海道),,https://www.hinshu2.maff.go.jp/vips/cmm/apCMM112.aspx?TOUROKU_NO=4535&LANGUAGE=Japanese
きはる,不明,不明,,,,情報を募集しています。,
きみのひとみ,女峰×サマーベリー,みよし×サマーベリー,,2005,株式会社旭川ブリックス(北海道),,https://www.hinshu2.maff.go.jp/vips/cmm/apCMM112.aspx?TOUROKU_NO=12574&LANGUAGE=Japanese
きらぴ香,05_2_5,静岡13号,,2017,静岡県,,https://www.hinshu2.maff.go.jp/vips/cmm/apCMM112.aspx?TOUROKU_NO=25594&LANGUAGE=Japanese
けいきわせ,アスカウェイブ,章姫,,2002,静岡県,,https://www.hinshu2.maff.go.jp/vips/cmm/apCMM112.aspx?TOUROKU_NO=10370&LANGUAGE=Japanese
けんたろう,きたえくぼ,とよのか,,2024,地方独立行政法人北海道立総合研究機構(北海道),,https://www.hinshu2.maff.go.jp/vips/cmm/apCMM112.aspx?TOUROKU_NO=12061&LANGUAGE=Japanese
こいのか,さちのか,とちおとめ,,2011,国立研究開発法人農業・食品産業技術総合研究機構,,https://www.hinshu2.maff.go.jp/vips/cmm/apCMM112.aspx?TOUROKU_NO=20811&LANGUAGE=Japanese
こいはるか,07_26_3,サンチーゴ,,2022,宮崎県,,https://www.hinshu2.maff.go.jp/vips/cmm/apCMM112.aspx?TOUROKU_NO=27264&LANGUAGE=Japanese
さがほのか,大錦,とよのか,,2001,佐賀県,,https://www.hinshu2.maff.go.jp/vips/cmm/apCMM112.aspx?TOUROKU_NO=8839&LANGUAGE=Japanese
さしま1号,アメリカ,Surecrop,,1983,キューピー株式会社(東京都),,https://www.hinshu2.maff.go.jp/vips/cmm/apCMM112.aspx?TOUROKU_NO=348&LANGUAGE=Japanese
さちのか,とよのか,アイベリー,,2000,国立研究開発法人農業・食品産業技術総合研究機構,別名: 久留米52号(https://agriknowledge.affrc.go.jp/RN/2010652151.pdf),https://www.hinshu2.maff.go.jp/vips/cmm/apCMM112.aspx?TOUROKU_NO=7650&LANGUAGE=Japanese
さちのか×とちおとめ,さちのか,とちおとめ,,,,,
さつまおとめ,8821_11,さちのか,,2002,鹿児島県,,https://www.hinshu2.maff.go.jp/vips/cmm/apCMM112.aspx?TOUROKU_NO=9654&LANGUAGE=Japanese
さぬき姫,三木2号,さがほのか,,2009,香川県,,https://www.hinshu2.maff.go.jp/vips/cmm/apCMM112.aspx?TOUROKU_NO=17388&LANGUAGE=Japanese
しずたから,103Hk_11,宝交早生,,1982,静岡県,,https://www.hinshu2.maff.go.jp/vips/cmm/apCMM112.aspx?TOUROKU_NO=292&LANGUAGE=Japanese
しずちから,しずたから,宝交早生,,1989,静岡県,,https://www.hinshu2.maff.go.jp/vips/cmm/apCMM112.aspx?TOUROKU_NO=1854&LANGUAGE=Japanese
しずのか,103Hk_11,宝交早生,,1982,静岡県,,https://www.hinshu2.maff.go.jp/vips/cmm/apCMM112.aspx?TOUROKU_NO=291&LANGUAGE=Japanese
しゆうこう,しずたから,はるよい,,1985,静岡県,,https://www.hinshu2.maff.go.jp/vips/cmm/apCMM112.aspx?TOUROKU_NO=717&LANGUAGE=Japanese
すずあかね,エッチエス_138,HKW_02,,2010,ホクサン株式会社 (北海道),,https://www.hinshu2.maff.go.jp/vips/cmm/apCMM112.aspx?TOUROKU_NO=19205&LANGUAGE=Japanese
そよかの,豊雪姫,さちのか,,2024,"国立研究開発法人農業・食品産業技術総合研究機構, 岩手県, 秋田県",,https://www.hinshu2.maff.go.jp/vips/cmm/apCMM112.aspx?TOUROKU_NO=30605&LANGUAGE=Japanese
つぶろまん,Donner(ダナー),千代田,,1995,富山県,「固定品種であり」との表記がある。,https://www.hinshu2.maff.go.jp/vips/cmm/apCMM112.aspx?TOUROKU_NO=4716&LANGUAGE=Japanese
てるのか,宝交早生,Donner(ダナー),,,,"別名: 久留米39号, 農林13号",
としひめ,宝交早生選抜系統,章姫,,2000,松永章三(福島県),,https://www.hinshu2.maff.go.jp/vips/cmm/apCMM112.aspx?TOUROKU_NO=12059&LANGUAGE=Japanese
とちおとめ,久留米49号,栃の峰,,1996,栃木県,,https://www.hinshu2.maff.go.jp/vips/cmm/apCMM112.aspx?TOUROKU_NO=5248&LANGUAGE=Japanese
とちひとみ,セリーヌ実生系統,さちのか,,2007,栃木県,,https://www.hinshu2.maff.go.jp/vips/cmm/apCMM112.aspx?TOUROKU_NO=15007&LANGUAGE=Japanese
とちひめ,栃の峰,久留米49号,,2001,栃木県,,https://www.hinshu2.maff.go.jp/vips/cmm/apCMM112.aspx?TOUROKU_NO=9512&LANGUAGE=Japanese
とっておき,E0836_12,F0851_24,,2018,鳥取県,,https://www.hinshu2.maff.go.jp/vips/cmm/apCMM112.aspx?TOUROKU_NO=27049&LANGUAGE=Japanese
とねほっぺ,系56,女峰,,1999,群馬県,,https://www.hinshu2.maff.go.jp/vips/cmm/apCMM112.aspx?TOUROKU_NO=7502&LANGUAGE=Japanese
とよのか,ひみこ,はるのか,,1999,野菜・茶業試験場,,https://www.hinshu2.maff.go.jp/vips/cmm/apCMM112.aspx?TOUROKU_NO=615&LANGUAGE=Japanese
とよのか×アイベリー,とよのか,アイベリー,,,,,
とよのか×アイベリー,とよのか,アイベリー,,,,,
とよのか実生系統,とよのか,とよのか,,,,,
なつあかり,サマーベリー,北の輝,,2007,国立研究開発法人農業・食品産業技術総合研究機構?,,https://www.hinshu2.maff.go.jp/vips/cmm/apCMM112.aspx?TOUROKU_NO=15540&LANGUAGE=Japanese
なつおとめ,tochigi24go,00_25_1,,2011,栃木県,,https://www.hinshu2.maff.go.jp/vips/cmm/apCMM112.aspx?TOUROKU_NO=20766&LANGUAGE=Japanese
なつじろう,不明,不明,,,,情報を募集しています。,
ならあかり,23_1_33,24_5_C,,2025,奈良県,,https://www.hinshu2.maff.go.jp/vips/cmm/apCMM112.aspx?TOUROKU_NO=31333&LANGUAGE=Japanese
にこにこベリー,もういっこ,とちおとめ,,2024,宮城県,,https://www.hinshu2.maff.go.jp/vips/cmm/apCMM112.aspx?TOUROKU_NO=30272&LANGUAGE=Japanese
はつくに,うずしお,(久留米促成3号×宝交早生)×(Donner×宝交早生),,1982,奈良県,,https://www.hinshu2.maff.go.jp/vips/cmm/apCMM112.aspx?TOUROKU_NO=290&LANGUAGE=Japanese
はるのか,促成2号,Donner(ダナー),,1967,農林省園芸試験場,別名: 農林11号,https://agriknowledge.affrc.go.jp/RN/4010001316
はるのか×ダナー,はるのか,Donner(ダナー),,,,,
はるのか×女峰,はるのか,女峰,,,,,
はるよい,宝交早生,はるのか,,,,,
ひたち1号,レッドパール,章姫,,,,,
ひたち姫,とちおとめ,章姫,,2009,茨城県,,https://www.hinshu2.maff.go.jp/vips/cmm/apCMM112.aspx?TOUROKU_NO=17501&LANGUAGE=Japanese
ひのみね,てるのか,はるのか,,1989,独立行政法人農業・生物系特定産業技術研究機構,,https://www.hinshu2.maff.go.jp/vips/cmm/apCMM112.aspx?TOUROKU_NO=1855&LANGUAGE=Japanese
ひみこ,久留米34号,宝交早生,,,,農林省育成品種として登録されている。,
ふくあや香,福島2号,福島1号,,2006,福島県,,https://www.hinshu2.maff.go.jp/vips/cmm/apCMM112.aspx?TOUROKU_NO=13641&LANGUAGE=Japanese
ふくはる香,章姫,さちのか,,2006,福島県,,https://www.hinshu2.maff.go.jp/vips/cmm/apCMM112.aspx?TOUROKU_NO=13640&LANGUAGE=Japanese
ふさの香,きはる,とちおとめ,,2003,千葉県,,https://www.hinshu2.maff.go.jp/vips/cmm/apCMM112.aspx?TOUROKU_NO=11246&LANGUAGE=Japanese
べにあたご,とよのか,女峰×秀紅,,1999,茨城県,,https://www.hinshu2.maff.go.jp/vips/cmm/apCMM112.aspx?TOUROKU_NO=7089&LANGUAGE=Japanese
ほほえみ家族,NS_4,MS_1,,2006,"造田芳博, 畑中克彦, 泰松眞知子(北海道・大阪府)",,https://www.hinshu2.maff.go.jp/vips/cmm/apCMM112.aspx?TOUROKU_NO=14537&LANGUAGE=Japanese
ぽりっちご,08a05_07,さちのか,,2024,国立研究開発法人農業・食品産業技術総合研究機構,,https://www.hinshu2.maff.go.jp/vips/cmm/apCMM112.aspx?TOUROKU_NO=30608&LANGUAGE=Japanese
まりひめ,章姫,さちのか,,2010,和歌山県,,https://www.hinshu2.maff.go.jp/vips/cmm/apCMM112.aspx?TOUROKU_NO=19473&LANGUAGE=Japanese
みずのまる,サマーベリー実生系統×宝交早生,みよし,,2002,"尾方孝男, 尾方啓一, 亀井豊(徳島県)",,https://www.hinshu2.maff.go.jp/vips/cmm/apCMM112.aspx?TOUROKU_NO=12569&LANGUAGE=Japanese
みつる,不明,不明,,,,情報を募集しています。,
みやぎ13号,もういっこ,おおきみ,,,,品種登録出願中（2025年12月29日現在）,https://www.hinshu2.maff.go.jp/vips/cmm/apCMM111.aspx?SHUTSUGAN_NO=36725&LANGUAGE=Japanese
みやぎVS1号,Pajaro,盛岡16号,,1998,宮城県,,https://www.hinshu2.maff.go.jp/vips/cmm/apCMM112.aspx?TOUROKU_NO=6922&LANGUAGE=Japanese
みやざきなつはるか,01_23_4,スイートチャーミー,,2010,宮崎県,,https://www.hinshu2.maff.go.jp/vips/cmm/apCMM112.aspx?TOUROKU_NO=19203&LANGUAGE=Japanese
みよし,媛育,大石四季成,,1987,徳島県,,https://www.hinshu2.maff.go.jp/vips/cmm/apCMM112.aspx?TOUROKU_NO=1324&LANGUAGE=Japanese
みよし×サマーベリー,みよし,サマーベリー,,,,,https://www.hinshu2.maff.go.jp/vips/cmm/apCMM112.aspx?TOUROKU_NO=12574&LANGUAGE=Japanese
みよし×久留米48号,みよし,kurume48go,,,,,
みよし実生系統,みよし,みよし,,,,,
めぐみ,とよのか×アイベリー,とよのか,,2002,徳島県,,https://www.hinshu2.maff.go.jp/vips/cmm/apCMM112.aspx?TOUROKU_NO=10246&LANGUAGE=Japanese
もういっこ,MN3,さちのか,,2008,宮城県,,https://www.hinshu2.maff.go.jp/vips/cmm/apCMM112.aspx?TOUROKU_NO=16154&LANGUAGE=Japanese
やよいひめ,96_01_001,とねほっぺ,,2005,群馬県,,https://www.hinshu2.maff.go.jp/vips/cmm/apCMM112.aspx?TOUROKU_NO=12576&LANGUAGE=Japanese
ゆきララ,福岡S6号(あまおう),けんたろう,,2020,地方独立行政法人北海道立総合研究機構(北海道),,https://www.hinshu2.maff.go.jp/vips/cmm/apCMM112.aspx?TOUROKU_NO=28185&LANGUAGE=Japanese
ゆめのか,久留米55号,系531,,2007,愛知県,,https://www.hinshu2.maff.go.jp/vips/cmm/apCMM112.aspx?TOUROKU_NO=15261&LANGUAGE=Japanese
よつぼし,三重母本1号,A8S4_147,,2017,"三重県 , 香川県, 国立研究開発法人農業・食品産業技術総合研究機構, 千葉県",,https://www.hinshu2.maff.go.jp/vips/cmm/apCMM112.aspx?TOUROKU_NO=25605&LANGUAGE=Japanese
アイストロ,(リンダモール×Cruz)×女峰,麗紅,,2001,愛知県,,https://www.hinshu2.maff.go.jp/vips/cmm/apCMM112.aspx?TOUROKU_NO=8947&LANGUAGE=Japanese
アイベリー,不明,不明,,,,情報を募集しています,
アイベリー実生系統,アイベリー,アイベリー,,,,,
アイベリー実生系統,アイベリー,アイベリー,,,,,
アスカウェイブ,52_1_32,50_2_2,,1994,奈良県,,https://www.hinshu2.maff.go.jp/vips/cmm/apCMM112.aspx?TOUROKU_NO=4117&LANGUAGE=Japanese
アスカウェイブ実生系統,アスカウェイブ,アスカウェイブ,,,,,https://www.hinshu2.maff.go.jp/vips/cmm/apCMM112.aspx?TOUROKU_NO=12571&LANGUAGE=Japanese
アスカルビー,アスカウェイブ,女峰,,2000,奈良県,,https://www.hinshu2.maff.go.jp/vips/cmm/apCMM112.aspx?TOUROKU_NO=7651&LANGUAGE=Japanese
アマテラス,鬼怒甘,とよのか,,2002,星野光輝(福岡県),,https://www.hinshu2.maff.go.jp/vips/cmm/apCMM112.aspx?TOUROKU_NO=10245&LANGUAGE=Japanese
アメリカ,不明,不明,,,,別名にMarshallがあるが、アメリカ合衆国のMarshallとは別物であろうという意見がある https://archive.org/details/strawberryhistor00darr/page/n525/mode/1up; 18章）,
アロマ,明宝×麗紅,てるのか,,1989,タキイ種苗株式会社(京都府),,https://www.hinshu2.maff.go.jp/vips/cmm/apCMM112.aspx?TOUROKU_NO=1980&LANGUAGE=Japanese
エスポ,oishishikinari2go,はるのか,,2006,株式会社ホーブ(北海道),,https://www.hinshu2.maff.go.jp/vips/cmm/apCMM112.aspx?TOUROKU_NO=14538&LANGUAGE=Japanese
エッチエス_138,HS_42号,盛岡16号,,2004,ホクサン株式会社 (北海道),,https://www.hinshu2.maff.go.jp/vips/cmm/apCMM112.aspx?TOUROKU_NO=12057&LANGUAGE=Japanese
エバーベリー,大石四季成,はるよい,,1991,独立行政法人農業・食品産業技術総合研究機構,,https://www.hinshu2.maff.go.jp/vips/cmm/apCMM112.aspx?TOUROKU_NO=2884&LANGUAGE=Japanese
カレイニャ,みよし,サマーベリー,,2004,"畑中克彦, 畑中昭一(北海道)",,https://www.hinshu2.maff.go.jp/vips/cmm/apCMM112.aspx?TOUROKU_NO=12281&LANGUAGE=Japanese
カレンベリー,はつくに,てるのか,,2010,国立研究開発法人農業・食品産業技術総合研究機構,,https://www.hinshu2.maff.go.jp/vips/cmm/apCMM112.aspx?TOUROKU_NO=19474&LANGUAGE=Japanese
クワンシエ,不明,あかねっ娘,,2001,藤江充(愛知県),,https://www.hinshu2.maff.go.jp/vips/cmm/apCMM112.aspx?TOUROKU_NO=8840&LANGUAGE=Japanese
サトホロ,Tioga,Fairfax,,1988,札幌市(北海道),,https://www.hinshu2.maff.go.jp/vips/cmm/apCMM112.aspx?TOUROKU_NO=1677&LANGUAGE=Japanese
サマーアミーゴ,徳系2号×サマーベリー実生系統,サマーフェアリー,,2011,徳島県,,https://www.hinshu2.maff.go.jp/vips/cmm/apCMM112.aspx?TOUROKU_NO=20813&LANGUAGE=Japanese
サマーエンジェル,サマープリンセス,紅ほっぺ,,2010,長野県,,https://www.hinshu2.maff.go.jp/vips/cmm/apCMM112.aspx?TOUROKU_NO=19733&LANGUAGE=Japanese
サマーキャンディ,とちおとめ,盛岡26号×サマーベリー,,2008,宮城県,,https://www.hinshu2.maff.go.jp/vips/cmm/apCMM112.aspx?TOUROKU_NO=16153&LANGUAGE=Japanese
サマーティアラ,Selva,紅ほっぺ,,2011,山形県,,https://www.hinshu2.maff.go.jp/vips/cmm/apCMM112.aspx?TOUROKU_NO=20497&LANGUAGE=Japanese
サマードロップ,みよし,Rosalinda実生系統,,2011,宮城県,,https://www.hinshu2.maff.go.jp/vips/cmm/apCMM112.aspx?TOUROKU_NO=20762&LANGUAGE=Japanese
サマーフェアリー,徳系5,アスカルビー,,2009,徳島県,,https://www.hinshu2.maff.go.jp/vips/cmm/apCMM112.aspx?TOUROKU_NO=17390&LANGUAGE=Japanese
サマープリンセス,麗紅×夏芳,女峰,,2003,長野県,,https://www.hinshu2.maff.go.jp/vips/cmm/apCMM112.aspx?TOUROKU_NO=11245&LANGUAGE=Japanese
サマーベリー,夏芳,麗紅実生系統,,1988,奈良県,,https://www.hinshu2.maff.go.jp/vips/cmm/apCMM112.aspx?TOUROKU_NO=1557&LANGUAGE=Japanese
サマーベリー×みよし,サマーベリー,みよし,,,,,https://www.hinshu2.maff.go.jp/vips/cmm/apCMM112.aspx?TOUROKU_NO=12571&LANGUAGE=Japanese
サマーベリー実生系統,サマーベリー,サマーベリー,,,,,
サマーベリー実生系統×宝交早生,サマーベリー実生系統,宝交早生,,,,,
サマーリリカル,サマーアミーゴ,サマープリンセス,,2021,長野県,,https://www.hinshu2.maff.go.jp/vips/cmm/apCMM112.aspx?TOUROKU_NO=28470&LANGUAGE=Japanese
サマールビー,サマーベリー×みよし,アスカウェイブ実生系統,,2005,有限会社ミカモフレテック(徳島県),,https://www.hinshu2.maff.go.jp/vips/cmm/apCMM112.aspx?TOUROKU_NO=12571&LANGUAGE=Japanese
サワベリー,ひみこ,女峰,,2002,沢田広範(三重県),,https://www.hinshu2.maff.go.jp/vips/cmm/apCMM112.aspx?TOUROKU_NO=10369&LANGUAGE=Japanese
サンチーゴ,91_007,90_051,,2002,三重県,,https://www.hinshu2.maff.go.jp/vips/cmm/apCMM112.aspx?TOUROKU_NO=10373&LANGUAGE=Japanese
スイートチャーミー,池光,アイベリー,,2001,"川人健一, 川人茂, 田村純二(徳島県)",,https://www.hinshu2.maff.go.jp/vips/cmm/apCMM112.aspx?TOUROKU_NO=8838&LANGUAGE=Japanese
スマイルルビー,アイベリー,みよし,,,株式会社四国総合研究所(香川県),,https://www.hinshu2.maff.go.jp/vips/cmm/apCMM112.aspx?TOUROKU_NO=6562&LANGUAGE=Japanese
スルガレッド,女峰,アイベリー,,1991,静岡県,,https://www.hinshu2.maff.go.jp/vips/cmm/apCMM112.aspx?TOUROKU_NO=2809&LANGUAGE=Japanese
セリーヌ,大石四季成,夏芳,,1993,株式会社ホーブ(北海道),,https://www.hinshu2.maff.go.jp/vips/cmm/apCMM112.aspx?TOUROKU_NO=3754&LANGUAGE=Japanese
セリーヌ実生系統,セリーヌ,セリーヌ,,,,,https://www.hinshu2.maff.go.jp/vips/cmm/apCMM112.aspx?TOUROKU_NO=15007&LANGUAGE=Japanese
ダイアモンドベリー,さがほのか,久留米54号,,2005,庄島隆(福岡県),,https://www.hinshu2.maff.go.jp/vips/cmm/apCMM112.aspx?TOUROKU_NO=12577&LANGUAGE=Japanese
デコルージュ,Pajaro,盛岡26号,,2007,国立研究開発法人農業・食品産業技術総合研究機構?,,https://www.hinshu2.maff.go.jp/vips/cmm/apCMM112.aspx?TOUROKU_NO=15539&LANGUAGE=Japanese
ピーストロ,あかねっ娘×アイベリー,リンダモール×とよのか,,2001,愛知県,,https://www.hinshu2.maff.go.jp/vips/cmm/apCMM112.aspx?TOUROKU_NO=8946&LANGUAGE=Japanese
ファーストベリー,アイベリー実生系統,とよのか,,1993,"太田宣明, 太田充(岡山県)",,https://www.hinshu2.maff.go.jp/vips/cmm/apCMM112.aspx?TOUROKU_NO=3698&LANGUAGE=Japanese
ベニヒバリ,アメリカ,宝交早生,,1995,東洋製罐株式会社 (東京都),,https://www.hinshu2.maff.go.jp/vips/cmm/apCMM112.aspx?TOUROKU_NO=4474&LANGUAGE=Japanese
ベルマーレ,不明,とよのか,,1996,株式会社トーホク(栃木県),母本は輸入果実より採取した種子から育成した系統とのこと,https://www.hinshu2.maff.go.jp/vips/cmm/apCMM112.aspx?TOUROKU_NO=5197&LANGUAGE=Japanese
ベルルージュ,77_36,盛岡19号,,,,"別名: 農林17号, 盛岡23号(https://agriknowledge.affrc.go.jp/RN/4010001322)",
ペチカ,大石四季成2号,サマーベリー,,1995,株式会社ホーブ(北海道),,https://www.hinshu2.maff.go.jp/vips/cmm/apCMM112.aspx?TOUROKU_NO=4293&LANGUAGE=Japanese
マートンダム,不明,不明,,,,情報を募集しています。,Merton Dawnという品種が存在するようであるが、これと同一であるかは不明。
ミランシエ,不明,あかねっ娘,,2001,藤江充(愛知県),,https://www.hinshu2.maff.go.jp/vips/cmm/apCMM112.aspx?TOUROKU_NO=8841&LANGUAGE=Japanese
リンダモール,アイベリー,宝交早生,,1990,愛知県,,https://www.hinshu2.maff.go.jp/vips/cmm/apCMM112.aspx?TOUROKU_NO=2280&LANGUAGE=Japanese
リンダモール×Cruz,リンダモール,Cruz,,,,,
リンダモール×とよのか,リンダモール,とよのか,,,,,
ルージューテーエム,Pajaro実生後代系統,静岡4号,,1997,鳥井満弘(愛知県),,https://www.hinshu2.maff.go.jp/vips/cmm/apCMM112.aspx?TOUROKU_NO=5726&LANGUAGE=Japanese
レッドパール,アイベリー,とよのか,,1993,西田朝美(愛媛県),,https://www.hinshu2.maff.go.jp/vips/cmm/apCMM112.aspx?TOUROKU_NO=3755&LANGUAGE=Japanese
三木2号,さちのか,とちおとめ,,,,,
三重母本1号,かおり野,かおり野,,2016,三重県,かおり野の4回自殖系統,https://www.hinshu2.maff.go.jp/vips/cmm/apCMM112.aspx?TOUROKU_NO=25518&LANGUAGE=Japanese
久留米(61_106_2),The sun(ザサン),宮崎,,,,,
久留米103号,久留米(61_106_2),福羽,,,,,
久留米34号,八千代,Donner(ダナー),,,,,
久留米47号,不明,不明,,,,情報を募集しています。,
久留米49号,とよのか,女峰,,,,,
久留米53号,とよのか,てるのか,,,,,https://www.hinshu2.maff.go.jp/vips/cmm/apCMM112.aspx?TOUROKU_NO=12573&LANGUAGE=Japanese
久留米54号,不明,不明,,,,情報を募集しています。,
久留米55号,不明,不明,,,,情報を募集しています。,
久留米IH4号,いちご中間母本農1号,redruby,,2005,国立研究開発法人農業・食品産業技術総合研究機構,,https://www.hinshu2.maff.go.jp/vips/cmm/apCMM112.aspx?TOUROKU_NO=13535&LANGUAGE=Japanese
久留米促成3号,不明,不明,,,,情報を募集しています。,
久留米促成3号×宝交早生,久留米促成3号,宝交早生,,,,,
久能早生,旭宝,麗紅,,1983,萩原章弘(静岡県),,https://www.hinshu2.maff.go.jp/vips/cmm/apCMM112.aspx?TOUROKU_NO=457&LANGUAGE=Japanese
伊予姫,とちおとめ,章姫×女峰,,2002,日泉化学株式会社(愛媛県),,https://www.hinshu2.maff.go.jp/vips/cmm/apCMM112.aspx?TOUROKU_NO=9653&LANGUAGE=Japanese
佐系14号,99_26_7,99_5_3,,,,,
佐系8号,さがほのか,5_2,,,,,
佐賀i5号,あまおとめ,紅ほっぺ,,2018,佐賀県,,https://www.hinshu2.maff.go.jp/vips/cmm/apCMM112.aspx?TOUROKU_NO=26986&LANGUAGE=Japanese
佐賀i9号(いちごさん),佐系14号,やよいひめ,,2018,佐賀県,商標名: いちごさん,https://www.hinshu2.maff.go.jp/vips/cmm/apCMM112.aspx?TOUROKU_NO=26987&LANGUAGE=Japanese
促成2号,宮崎,The sun(ザサン),,,,別称に久留米103号,
促成_50号,久留米促成3号,宝交早生,,,,,
光小布ヶ谷,とよのか,女峰,,1997,片井勝(静岡県),,https://www.hinshu2.maff.go.jp/vips/cmm/apCMM112.aspx?TOUROKU_NO=5789&LANGUAGE=Japanese
八千代,アメリカ,Lassen,,,,別称: 久留米28号(https://catalog.lib.kyushu-u.ac.jp/opac_detail_md/?lang=0&amode=MD100000&bibid=22920)。,
八雲,不明,不明,,,,情報を募集しています。幸玉とも呼称される(https://catalog.lib.kyushu-u.ac.jp/opac_detail_md/?lang=0&amode=MD100000&bibid=8623)。,
兵庫I_3号(あまクイーン),とちおとめ,さがほのか,,2017,兵庫県,,https://www.hinshu2.maff.go.jp/vips/cmm/apCMM112.aspx?TOUROKU_NO=25609&LANGUAGE=Japanese
兵庫I_4号(紅クイーン),さちのか,とちおとめ,,2017,兵庫県,,https://www.hinshu2.maff.go.jp/vips/cmm/apCMM112.aspx?TOUROKU_NO=25610&LANGUAGE=Japanese
円雷,Donner(ダナー),Selva実生系統,,1988,市川清・藤重宣昭(栃木県),,https://www.hinshu2.maff.go.jp/vips/cmm/apCMM112.aspx?TOUROKU_NO=1743&LANGUAGE=Japanese
北の輝,ベルルージュ,Pajaro,,2000,,,https://www.hinshu2.maff.go.jp/vips/cmm/apCMM112.aspx?TOUROKU_NO=7649&LANGUAGE=Japanese
北の輝×Chandler,北の輝,Chandler,,,,,
千代田,アメリカ,Midland,,,,"別名: 久留米20号, 農林8号",
千葉S4号(チーバベリー),02_19,とちおとめ,,2015,千葉県,,https://www.hinshu2.maff.go.jp/vips/cmm/apCMM112.aspx?TOUROKU_NO=24428&LANGUAGE=Japanese
千鶴,Donner(ダナー),はるのか,,1986,石橋光治(千葉県),,https://www.hinshu2.maff.go.jp/vips/cmm/apCMM112.aspx?TOUROKU_NO=962&LANGUAGE=Japanese
古都華,7_3_1,紅ほっぺ,,2011,奈良県,,https://www.hinshu2.maff.go.jp/vips/cmm/apCMM112.aspx?TOUROKU_NO=21164&LANGUAGE=Japanese
和C19,さがほのか,紅ほっぺ,,2011,和歌山県,和C19ではなくC19という記述も見られる。,https://www.hinshu2.maff.go.jp/vips/cmm/apCMM112.aspx?TOUROKU_NO=21162&LANGUAGE=Japanese
和田初こい(初恋の香り),不明,不明,,2009,三好アグリテック株式会社(山梨県),商標名: 初恋の香り,https://www.hinshu2.maff.go.jp/vips/cmm/apCMM112.aspx?TOUROKU_NO=18011&LANGUAGE=Japanese
和田初こい実生系統,和田初こい(初恋の香り),和田初こい(初恋の香り),,,,自殖系統,
埼園い1号(かおりん),ふくあや香,ゆめのか,,2019,埼玉県,,https://www.hinshu2.maff.go.jp/vips/cmm/apCMM112.aspx?TOUROKU_NO=27265&LANGUAGE=Japanese
埼園い3号(あまりん),やよいひめ,ふくはる香,,2019,埼玉県,,https://www.hinshu2.maff.go.jp/vips/cmm/apCMM112.aspx?TOUROKU_NO=27266&LANGUAGE=Japanese
堅しろう,10133_03,とっておき,,,,品種登録出願中（2025年12月29日現在）,https://www.hinshu2.maff.go.jp/vips/cmm/apCMM111.aspx?SHUTSUGAN_NO=37324&LANGUAGE=Japanese
夏のしずく,みやざきなつはるか,06sAB_4e,,2024,国立研究開発法人農業・食品産業技術総合研究機構・岩手県,,https://www.hinshu2.maff.go.jp/vips/cmm/apCMM112.aspx?TOUROKU_NO=30607&LANGUAGE=Japanese
夏の輝,盛岡30号,スイートチャーミー,,2015,国立研究開発法人農業・食品産業技術総合研究機構?,,https://www.hinshu2.maff.go.jp/vips/cmm/apCMM112.aspx?TOUROKU_NO=24328&LANGUAGE=Japanese
夏芳,紅滝実生系統,Aiko実生系統,,1986,芳岡昭夫(奈良県),,https://www.hinshu2.maff.go.jp/vips/cmm/apCMM112.aspx?TOUROKU_NO=942&LANGUAGE=Japanese
夢つづき,不明,カレンベリー,,2018,"国立研究開発法人農業・食品産業技術総合研究機構, アヲハタ株式会社(広島県)",母本は「はつくに」「てるのか」「とちおとめ」「さがほのか」から育成した多元交配系統とのこと,https://www.hinshu2.maff.go.jp/vips/cmm/apCMM112.aspx?TOUROKU_NO=26985&LANGUAGE=Japanese
夢甘香,明宝×（宝交早生×麗紅）,アイベリー,,2002,兵庫県,,https://www.hinshu2.maff.go.jp/vips/cmm/apCMM112.aspx?TOUROKU_NO=9921&LANGUAGE=Japanese
大分3号,さがほのか,とちおとめ,,,,,
大分6号(ベリーツ),大分3号,かおり野,,2021,大分県,,https://www.hinshu2.maff.go.jp/vips/cmm/apCMM112.aspx?TOUROKU_NO=28275&LANGUAGE=Japanese
大石四季成,Institute X2,大石四季成1号,,,,,
大石四季成1号,Crimson Monarch,鳳香,,,,,
大石四季成2号,不明,不明,,,,情報を募集しています,
大鈴,Donner(ダナー),はるのか,,1986,石橋光治(千葉県),,https://www.hinshu2.maff.go.jp/vips/cmm/apCMM112.aspx?TOUROKU_NO=963&LANGUAGE=Japanese
大錦,はるのか×ダナー,はるのか,,1990,株式会社みかど育種農場(千葉県),,https://www.hinshu2.maff.go.jp/vips/cmm/apCMM112.aspx?TOUROKU_NO=2279&LANGUAGE=Japanese
奈乃香,さちのか,とちおとめ,,2014,奈良県,,https://www.hinshu2.maff.go.jp/vips/cmm/apCMM112.aspx?TOUROKU_NO=30498&LANGUAGE=Japanese
女峰,系210,麗紅,,1985,栃木県,,https://www.hinshu2.maff.go.jp/vips/cmm/apCMM112.aspx?TOUROKU_NO=716&LANGUAGE=Japanese
女峰×しずたから,女峰,しずたから,,,,,
女峰×サマーベリー,女峰,サマーベリー,,,,,https://www.hinshu2.maff.go.jp/vips/cmm/apCMM112.aspx?TOUROKU_NO=12574&LANGUAGE=Japanese
女峰×ピーストロ,女峰,ピーストロ,,,,,
女峰×秀紅,女峰,秀紅,,,,,
女峰実生系統,女峰,女峰,,,,,https://www.hinshu2.maff.go.jp/vips/cmm/apCMM112.aspx?TOUROKU_NO=3165&LANGUAGE=Japanese
媛育,不明,不明,,,,情報を募集しています。,
宝交早生,八雲,Tahoe(タホー),,,,,
宝交早生×麗紅,宝交早生,麗紅,,,,,
宝交早生選抜系統,不明,不明,,,,宝交早生の自殖の意味か？,
宮崎,不明,不明,,,,情報を募集しています,
宮崎×The sun,宮崎,The sun(ザサン),,,,同じ組み合わせの久留米と同一であるかは不明。ここでは別物として扱った。,
尾瀬はるか,とねほっぺ,北の輝,,2005,群馬県,,https://www.hinshu2.maff.go.jp/vips/cmm/apCMM112.aspx?TOUROKU_NO=12575&LANGUAGE=Japanese
山口2号,とよのか×アイベリー,はるのか×女峰,,,,,
山口9号,山口2号,HST,,,,,
山口ST9号,山口2号,HST,,2007,山口,,https://www.hinshu2.maff.go.jp/vips/cmm/apCMM112.aspx?TOUROKU_NO=15259&LANGUAGE=Japanese
山形S7号,サマーティアラ,なつじろう,,,,品種登録出願中（2025年12月29日現在）,https://www.hinshu2.maff.go.jp/vips/cmm/apCMM111.aspx?SHUTSUGAN_NO=36700&LANGUAGE=Japanese
峰クイーン,スイートチャーミー,池光,,2004,阿波みよし農業協同組合(徳島県),,https://www.hinshu2.maff.go.jp/vips/cmm/apCMM112.aspx?TOUROKU_NO=12197&LANGUAGE=Japanese
島系22-111,紅ほっぺ,アスカルビー,,2013,島根県,,https://www.hinshu2.maff.go.jp/vips/cmm/apCMM112.aspx?TOUROKU_NO=22818&LANGUAGE=Japanese
島系22-148,紅ほっぺ,アスカルビー,,2013,島根県,,https://www.hinshu2.maff.go.jp/vips/cmm/apCMM112.aspx?TOUROKU_NO=22819&LANGUAGE=Japanese
彩6号(べにたま),埼園い1号(かおりん),かおり野,,2025,埼玉県,,https://www.hinshu2.maff.go.jp/vips/cmm/apCMM112.aspx?TOUROKU_NO=31022&LANGUAGE=Japanese
彩のかおり,アイベリー,アイベリー,,1996,埼玉県,,https://www.hinshu2.maff.go.jp/vips/cmm/apCMM112.aspx?TOUROKU_NO=5194&LANGUAGE=Japanese
徳系2号,みよし,kurume48go,,,,,
徳系2号×サマーベリー,徳系2号,サマーベリー,,,,,
徳系2号×サマーベリー実生系統,徳系2号×サマーベリー,徳系2号×サマーベリー,,,,,
徳系5,みよし×久留米48号,みよし実生系統,,,,,
恋みのり,03042_08,熊研い548(ひのしずく),,2020,国立研究開発法人農業・食品産業技術総合研究機構,,https://www.hinshu2.maff.go.jp/vips/cmm/apCMM112.aspx?TOUROKU_NO=28183&LANGUAGE=Japanese
愛媛農試V1号,T6,T16,,1993,愛媛県,,https://www.hinshu2.maff.go.jp/vips/cmm/apCMM112.aspx?TOUROKU_NO=3756&LANGUAGE=Japanese
愛経4号,系統13_18,系統12_21,,2024,"愛知県経済農業協同組合連合会, 愛知県",,https://www.hinshu2.maff.go.jp/vips/cmm/apCMM112.aspx?TOUROKU_NO=30500&LANGUAGE=Japanese
早生吉阡,麗紅,はつくに,,1987,ナント種苗株式会社(奈良県),,https://www.hinshu2.maff.go.jp/vips/cmm/apCMM112.aspx?TOUROKU_NO=1268&LANGUAGE=Japanese
旭宝,不明,不明,,,,情報を募集しています。,
明宝,不明,不明,,,,アクセスできず。,
明宝×麗紅,明宝,麗紅,,,,,
明宝×（宝交早生×麗紅）,明宝,宝交早生×麗紅,,,,,
春訪,とよのか,千鶴,,2001,千葉県,,https://www.hinshu2.maff.go.jp/vips/cmm/apCMM112.aspx?TOUROKU_NO=8648&LANGUAGE=Japanese
東京おひさまベリー,99_8,01_1_5,,2019,公益財団法人東京都農林水産振興財団 (東京都),,https://www.hinshu2.maff.go.jp/vips/cmm/apCMM112.aspx?TOUROKU_NO=27386&LANGUAGE=Japanese
栃の峰,系511,女峰,,1993,栃木県?,,https://www.hinshu2.maff.go.jp/vips/cmm/apCMM112.aspx?TOUROKU_NO=3452&LANGUAGE=Japanese
栃木20号,98_28_2,94_2_8,,,,,
栃木21号,不明,不明,,,,情報を募集しています。,
栃木26号,不明,不明,,,,"情報を募集しています。栃の峰, No221, No227, とちおとめを素材に育成されたとのこと(鶴見ら, 2020; https://agriknowledge.affrc.go.jp/RN/2010935163)。",
栃木32号,栃木21号,あまおとめ,,,,,
栃木i27号(スカイベリー),00_24_1,栃木20号,,2014,栃木県,商標名: スカイベリー(https://www.pref.tochigi.lg.jp/g61/hinsyu/tochigii27.html),https://www.hinshu2.maff.go.jp/vips/cmm/apCMM112.aspx?TOUROKU_NO=23749&LANGUAGE=Japanese
栃木i37号(とちあいか),栃木32号,09_48_5,,2024,栃木県,商標名: とちあいか(https://www.pref.tochigi.lg.jp/g61/hinsyu/tochigii37.html),https://www.hinshu2.maff.go.jp/vips/cmm/apCMM112.aspx?TOUROKU_NO=30257&LANGUAGE=Japanese
栃木iW1号(ミルキーベリー),和田初こい実生系統,09_52_1,,2024,栃木県,商標名: ミルキーベリー(https://www.pref.tochigi.lg.jp/g61/hinsyu/tochigiiw1.html),https://www.hinshu2.maff.go.jp/vips/cmm/apCMM112.aspx?TOUROKU_NO=30256&LANGUAGE=Japanese
栃木素材2号,不明,不明,,,,情報を募集しています。,
池光,不明,不明,,1996,"川人健一, 川人茂, 川人新一(徳島県)",品種名不詳の四季成性品種，アイベリー，みよし，ひのみね,https://www.hinshu2.maff.go.jp/vips/cmm/apCMM112.aspx?TOUROKU_NO=5195&LANGUAGE=Japanese
滋賀SB2号(みおしずく),かおり野,章姫,,2025,滋賀県,,https://www.hinshu2.maff.go.jp/vips/cmm/apCMM112.aspx?TOUROKU_NO=31334&LANGUAGE=Japanese
濃姫,アイベリー,女峰,,1998,岐阜県?,,https://www.hinshu2.maff.go.jp/vips/cmm/apCMM112.aspx?TOUROKU_NO=6207&LANGUAGE=Japanese
炭強20,不明,不明,,,,,
熊本VS03(ゆうべに),07_13_1,かおり野,,2017,熊本県,,https://www.hinshu2.maff.go.jp/vips/cmm/apCMM112.aspx?TOUROKU_NO=25611&LANGUAGE=Japanese
熊研い548(ひのしずく),98_30,98_20_3,,2006,熊本県,,https://www.hinshu2.maff.go.jp/vips/cmm/apCMM112.aspx?TOUROKU_NO=13882&LANGUAGE=Japanese
王香,Fairfax,Donner(ダナー),,1987,山口照男(東京都),,https://www.hinshu2.maff.go.jp/vips/cmm/apCMM112.aspx?TOUROKU_NO=1394&LANGUAGE=Japanese
珠姫,22_19_1,まりひめ,,2024,奈良県,,https://www.hinshu2.maff.go.jp/vips/cmm/apCMM112.aspx?TOUROKU_NO=30495&LANGUAGE=Japanese
盛岡16号,2_8,千代田,,,,,
盛岡19号,Donner(ダナー),Cyclone,,,,,
盛岡20号,不明,不明,,,,情報を募集しています。,
盛岡26号,不明,不明,,,,情報を募集しています。,
盛岡26号×サマーベリー,盛岡26号,サマーベリー,,,,,
盛岡30号,不明,不明,,,,情報を募集しています。,
真紅の美鈴,ふさの香,麗紅,,2015,成川昇 (千葉県),,https://www.hinshu2.maff.go.jp/vips/cmm/apCMM112.aspx?TOUROKU_NO=23452&LANGUAGE=Japanese
砂丘S2号,89_81_69,89_96_61,,,,,
神戸1号,不明,不明,,,,情報を募集しています。,
福岡S6号(あまおう),久留米53号,92_46,,2005,,,https://www.hinshu2.maff.go.jp/vips/cmm/apCMM112.aspx?TOUROKU_NO=12572&LANGUAGE=Japanese
福岡S7号,久留米53号,92_46,,2005,,商標名: あまおう,https://www.hinshu2.maff.go.jp/vips/cmm/apCMM112.aspx?TOUROKU_NO=12573&LANGUAGE=Japanese
福岡エース,はるのか,宝交早生,,1986,福岡県,,https://www.hinshu2.maff.go.jp/vips/cmm/apCMM112.aspx?TOUROKU_NO=1222&LANGUAGE=Japanese
福島1号,章姫,さちのか,,,,,
福島2号,8905_28,Chandler,,,,,
福島ST14号(ゆうやけベリー),かおり野,とちおとめ,,,福島県,品種登録出願中（2025年12月29日現在）,https://www.hinshu2.maff.go.jp/vips/cmm/apCMM111.aspx?SHUTSUGAN_NO=36009&LANGUAGE=Japanese
福羽,General Chanzy,General Chanzy,,,,自殖系統。日本で開発された最初のイチゴ品種。,
秀紅,不明,不明,,,,情報を募集しています。,
秋香,不明,不明,,,,"静岡農試育成とのこと(佐藤, 1986; https://www.pref.kanagawa.jp/documents/27386/532051.pdf)。情報を募集しています。",
章姫,久能早生,女峰,,1992,萩原和弘(静岡県),,https://www.hinshu2.maff.go.jp/vips/cmm/apCMM112.aspx?TOUROKU_NO=2991&LANGUAGE=Japanese
章姫×女峰,章姫,女峰,,,,,
系2,はるのか,Donner(ダナー),,,,,
系210,Donner(ダナー),系2,,,,,
系511,Florida 69_266,麗紅,,,,,
系531,女峰×ピーストロ,アイストロ,,,,,
系56,不明,不明,,,,1990年に海外優良遺伝資源導入調査事業（県単独）で導入した育種素材に由来する,
系統12_21,あまおとめ,章姫,,,,,
系統13_18,章姫,かおり野,,,,,
紀の香,かおり野,こいのか,,2018,和歌山県,,https://www.hinshu2.maff.go.jp/vips/cmm/apCMM112.aspx?TOUROKU_NO=27050&LANGUAGE=Japanese
紅い雫,あまおとめ,紅ほっぺ,,2017,愛媛県,,https://www.hinshu2.maff.go.jp/vips/cmm/apCMM112.aspx?TOUROKU_NO=25595&LANGUAGE=Japanese
紅ほっぺ,章姫,さちのか,,2002,静岡県,,https://www.hinshu2.maff.go.jp/vips/cmm/apCMM112.aspx?TOUROKU_NO=10371&LANGUAGE=Japanese
紅スワン,女峰,アイベリー,,1991,田辺米一(新潟県),固定品種とのこと,https://www.hinshu2.maff.go.jp/vips/cmm/apCMM112.aspx?TOUROKU_NO=2883&LANGUAGE=Japanese
紅宝満,久留米103号,麗紅,,1986,福岡県,,https://www.hinshu2.maff.go.jp/vips/cmm/apCMM112.aspx?TOUROKU_NO=1223&LANGUAGE=Japanese
紅寿,秋香,麗紅,,1986,神奈川県,,https://www.hinshu2.maff.go.jp/vips/cmm/apCMM112.aspx?TOUROKU_NO=944&LANGUAGE=Japanese
紅滝,不明,不明,,,,情報を募集しています。,
紅滝実生系統,紅滝,紅滝,,,,,
紅福,宝交早生,マートンダム,,1982,福井県,,https://www.hinshu2.maff.go.jp/vips/cmm/apCMM112.aspx?TOUROKU_NO=204&LANGUAGE=Japanese
紅豊,とよのか,はるよい,,1991,大分県,,https://www.hinshu2.maff.go.jp/vips/cmm/apCMM112.aspx?TOUROKU_NO=2580&LANGUAGE=Japanese
紅鶴,宮崎×The sun,福羽,,,,,
純ベリー,山口9号,アイベリー,,1994,山口照男(東京都),,https://www.hinshu2.maff.go.jp/vips/cmm/apCMM112.aspx?TOUROKU_NO=4056&LANGUAGE=Japanese
純ベリー2,純ベリー,女峰,,2004,山口照男(東京都),,https://www.hinshu2.maff.go.jp/vips/cmm/apCMM112.aspx?TOUROKU_NO=12060&LANGUAGE=Japanese
美濃娘,63_2_3,3_31_3,,2007,岐阜県,,https://www.hinshu2.maff.go.jp/vips/cmm/apCMM112.aspx?TOUROKU_NO=14898&LANGUAGE=Japanese
花笠おとめ,Serenata,アイベリー,,2006,株式会社天香園 (山形県),,https://www.hinshu2.maff.go.jp/vips/cmm/apCMM112.aspx?TOUROKU_NO=14045&LANGUAGE=Japanese
芳玉,不明,不明,,,,情報を募集しています。,
華かがり,9_2_3,美濃娘,,2017,岐阜県,,https://www.hinshu2.maff.go.jp/vips/cmm/apCMM112.aspx?TOUROKU_NO=26286&LANGUAGE=Japanese
讃麗,うずしお,麗紅,,1989,香川県,,https://www.hinshu2.maff.go.jp/vips/cmm/apCMM112.aspx?TOUROKU_NO=1979&LANGUAGE=Japanese
豊雪姫,北の輝×Chandler,カレンベリー,,2014,国立研究開発法人農業・食品産業技術総合研究機構,,https://www.hinshu2.maff.go.jp/vips/cmm/apCMM112.aspx?TOUROKU_NO=23753&LANGUAGE=Japanese
赤光,麗紅×しずたから,アイベリー,,1990,"高田宗男, 松井茂一(岐阜県)",,https://www.hinshu2.maff.go.jp/vips/cmm/apCMM112.aspx?TOUROKU_NO=2161&LANGUAGE=Japanese
越後姫,55/6_996,とよのか,,1996,新潟県,,https://www.hinshu2.maff.go.jp/vips/cmm/apCMM112.aspx?TOUROKU_NO=5196&LANGUAGE=Japanese
鈴姫,麗紅,宝交早生,,1988,鈴木一(愛知県),,https://www.hinshu2.maff.go.jp/vips/cmm/apCMM112.aspx?TOUROKU_NO=718&LANGUAGE=Japanese
阿波ほうべに,さちのか,かおり野,,2021,徳島県,,https://www.hinshu2.maff.go.jp/vips/cmm/apCMM112.aspx?TOUROKU_NO=28273&LANGUAGE=Japanese
雷峰,円雷,女峰実生系統,,1992,市川清(栃木県),,https://www.hinshu2.maff.go.jp/vips/cmm/apCMM112.aspx?TOUROKU_NO=3165&LANGUAGE=Japanese
静岡13号,99_5_2,00_4_2,,,,,
静岡4号,不明,不明,,,,情報を募集しています。,
風のアリス,スイートチャーミー,峰クイーン,,2006,"上野保和, 上野友崇(岡山県)",,https://www.hinshu2.maff.go.jp/vips/cmm/apCMM112.aspx?TOUROKU_NO=14539&LANGUAGE=Japanese
鬼怒甘,不明,不明,,1992,,女峰の突然変異株,https://www.hinshu2.maff.go.jp/vips/cmm/apCMM112.aspx?TOUROKU_NO=3223&LANGUAGE=Japanese
鳳香,不明,不明,,,,情報を募集しています。,
鹿児島6号(ぴかいちご),かおり野,紅ほっぺ,,2024,鹿児島県,,https://www.hinshu2.maff.go.jp/vips/cmm/apCMM112.aspx?TOUROKU_NO=30255&LANGUAGE=Japanese
麗紅,HS_1,FS_3,,,,農産種苗法による名称登録342号,
麗紅×しずたから,麗紅,しずたから,,,,,
麗紅×夏芳,麗紅,夏芳,,,,,https://www.hinshu2.maff.go.jp/vips/cmm/apCMM112.aspx?TOUROKU_NO=11245&LANGUAGE=Japanese
麗紅実生系統,麗紅,麗紅,,,,,https://www.hinshu2.maff.go.jp/vips/cmm/apCMM112.aspx?TOUROKU_NO=1557&LANGUAGE=Japanese
